{
    "name": "root",
    "gauges": {
        "CubeAgent.Policy.Entropy.mean": {
            "value": 1.3791240453720093,
            "min": 1.3791240453720093,
            "max": 1.4121745824813843,
            "count": 3
        },
        "CubeAgent.Policy.Entropy.sum": {
            "value": 6890.10400390625,
            "min": 5207.17333984375,
            "max": 7065.109375,
            "count": 3
        },
        "CubeAgent.Environment.EpisodeLength.mean": {
            "value": 9.908296943231441,
            "min": 9.908296943231441,
            "max": 17.62,
            "count": 3
        },
        "CubeAgent.Environment.EpisodeLength.sum": {
            "value": 4538.0,
            "min": 3524.0,
            "max": 4586.0,
            "count": 3
        },
        "CubeAgent.Step.mean": {
            "value": 14996.0,
            "min": 4987.0,
            "max": 14996.0,
            "count": 3
        },
        "CubeAgent.Step.sum": {
            "value": 14996.0,
            "min": 4987.0,
            "max": 14996.0,
            "count": 3
        },
        "CubeAgent.Policy.ExtrinsicValueEstimate.mean": {
            "value": 1.3428401947021484,
            "min": 0.2809939682483673,
            "max": 1.3428401947021484,
            "count": 3
        },
        "CubeAgent.Policy.ExtrinsicValueEstimate.sum": {
            "value": 615.0208129882812,
            "min": 56.198795318603516,
            "max": 615.0208129882812,
            "count": 3
        },
        "CubeAgent.Environment.CumulativeReward.mean": {
            "value": 1.6157205240174672,
            "min": 0.4271356783919598,
            "max": 1.6157205240174672,
            "count": 3
        },
        "CubeAgent.Environment.CumulativeReward.sum": {
            "value": 740.0,
            "min": 85.0,
            "max": 740.0,
            "count": 3
        },
        "CubeAgent.Policy.ExtrinsicReward.mean": {
            "value": 1.6157205240174672,
            "min": 0.4271356783919598,
            "max": 1.6157205240174672,
            "count": 3
        },
        "CubeAgent.Policy.ExtrinsicReward.sum": {
            "value": 740.0,
            "min": 85.0,
            "max": 740.0,
            "count": 3
        },
        "CubeAgent.Losses.PolicyLoss.mean": {
            "value": 0.23378962110219154,
            "min": 0.23378962110219154,
            "max": 0.2506143765504173,
            "count": 3
        },
        "CubeAgent.Losses.PolicyLoss.sum": {
            "value": 10.286743328496428,
            "min": 8.270274426163772,
            "max": 10.871386228160226,
            "count": 3
        },
        "CubeAgent.Losses.ValueLoss.mean": {
            "value": 4.339202527059158,
            "min": 0.9325183866967154,
            "max": 4.339202527059158,
            "count": 3
        },
        "CubeAgent.Losses.ValueLoss.sum": {
            "value": 190.92491119060296,
            "min": 30.773106760991606,
            "max": 190.92491119060296,
            "count": 3
        },
        "CubeAgent.Policy.LearningRate.mean": {
            "value": 0.0002812288698934091,
            "min": 0.0002812288698934091,
            "max": 0.0002951800016066666,
            "count": 3
        },
        "CubeAgent.Policy.LearningRate.sum": {
            "value": 0.01237407027531,
            "min": 0.009740940053019998,
            "max": 0.012992013169328999,
            "count": 3
        },
        "CubeAgent.Policy.Epsilon.mean": {
            "value": 0.19374295454545454,
            "min": 0.19374295454545454,
            "max": 0.19839333333333334,
            "count": 3
        },
        "CubeAgent.Policy.Epsilon.sum": {
            "value": 8.52469,
            "min": 6.5469800000000005,
            "max": 8.830671,
            "count": 3
        },
        "CubeAgent.Policy.Beta.mean": {
            "value": 0.0005000000000000001,
            "min": 0.0005,
            "max": 0.0005000000000000001,
            "count": 3
        },
        "CubeAgent.Policy.Beta.sum": {
            "value": 0.022000000000000006,
            "min": 0.0165,
            "max": 0.022500000000000006,
            "count": 3
        },
        "CubeAgent.IsTraining.mean": {
            "value": 1.0,
            "min": 1.0,
            "max": 1.0,
            "count": 3
        },
        "CubeAgent.IsTraining.sum": {
            "value": 1.0,
            "min": 1.0,
            "max": 1.0,
            "count": 3
        }
    },
    "metadata": {
        "timer_format_version": "0.1.0",
        "start_time_seconds": "1651487895",
        "python_version": "3.9.7 (default, Sep 16 2021, 16:59:28) [MSC v.1916 64 bit (AMD64)]",
        "command_line_arguments": "C:\\Users\\thoma\\anaconda3\\Scripts\\mlagents-learn config/CubeAgent.yaml --run-id=CubeAgent --resume",
        "mlagents_version": "0.28.0",
        "mlagents_envs_version": "0.28.0",
        "communication_protocol_version": "1.5.0",
        "pytorch_version": "1.7.1+cu110",
        "numpy_version": "1.20.3",
        "end_time_seconds": "1651488293"
    },
    "total": 397.8668356,
    "count": 1,
    "self": 0.01373209999997016,
    "children": {
        "run_training.setup": {
            "total": 0.9341563999999991,
            "count": 1,
            "self": 0.9341563999999991
        },
        "TrainerController.start_learning": {
            "total": 396.9189471,
            "count": 1,
            "self": 0.6980492000031404,
            "children": {
                "TrainerController._reset_env": {
                    "total": 22.3563292,
                    "count": 1,
                    "self": 22.3563292
                },
                "TrainerController.advance": {
                    "total": 373.5451964999969,
                    "count": 18705,
                    "self": 0.6844545999954903,
                    "children": {
                        "env_step": {
                            "total": 324.3191320000022,
                            "count": 18705,
                            "self": 299.27607250000085,
                            "children": {
                                "SubprocessEnvManager._take_step": {
                                    "total": 24.593836699998178,
                                    "count": 18705,
                                    "self": 1.7513926999987675,
                                    "children": {
                                        "TorchPolicy.evaluate": {
                                            "total": 22.84244399999941,
                                            "count": 17414,
                                            "self": 4.975258700001085,
                                            "children": {
                                                "TorchPolicy.sample_actions": {
                                                    "total": 17.867185299998326,
                                                    "count": 17414,
                                                    "self": 17.867185299998326
                                                }
                                            }
                                        }
                                    }
                                },
                                "workers": {
                                    "total": 0.4492228000031844,
                                    "count": 18704,
                                    "self": 0.0,
                                    "children": {
                                        "worker_root": {
                                            "total": 325.0317064999962,
                                            "count": 18704,
                                            "is_parallel": true,
                                            "self": 104.80445629999488,